2025-07-18 23:19:12,http://freebonus.click,anil,anii@gmail.com
2025-07-19 11:41:12,http://freebonus.click,anil,aniwl@gmail.com
2025-07-19 15:08:15,http://freebonus.click,akash,an@gmail.com
2025-07-21 20:26:47,https://lovable.nlm,naveen,naveen@gmail.com
2025-07-22 11:05:08,fikfap.com,anil,hdhdb.gmail.com
2025-07-22 15:12:58,www.alive.ac.in,ad,adm@gmail.com
2025-07-24 00:58:53,http://freebonus.click,navi,navi@gmail.com
2025-07-25 19:40:22,https://sity.ac.in,asd,asd@gmail.com
2025-07-30 14:38:41,http://freebonus.click,saha,saha@gmai.com
2025-07-30 14:43:14,http://frus.click,gagan,gagan@gmail.com
2025-07-30 14:44:40,http://freebonus.click,fuwdv,dgf@gmail.com
2025-07-30 14:54:34,http://freebonus.click,dana,dana@gmail.com
2025-07-30 15:13:01,http://freebonus.click,rah,eahr@gmail.com
2025-07-30 15:15:29,https://university.ac.in,ani,ang@gmail.com
2025-07-30 15:17:25,https://pakistan.go,gfduyv,ahflu@gmil.com
2025-08-04 18:39:30,http://freebonus.click,ADWSD,aedf.gmail.com
2025-08-04 18:58:12,http://freebonus.click,asc,ad@gmail.com
2025-08-04 19:41:11,http://freebonus.click,jhasv,mahdv@gmail.com
2025-08-04 22:48:19,http://freebonus.click,anil,anil@gmail.com
2025-08-04 22:51:57,http://freebonus.click,QDH,QDVH@.gmail.com
2025-08-04 22:53:38,http://freebonus.click,eag,qef@gmail.com
2025-08-04 22:56:20,http://freebonus.click,fre,fre@gmail.com
2025-08-05 00:08:05,http://freebonus.click,whj,hdsb d@gmail.com
2025-08-05 00:12:11,https://university.ac.in,dhd,sb@gmail.com
2025-08-05 00:13:00,https://university.ac.in,fds,AA@gmai.com
2025-08-05 00:14:27,http://freebonus.click4,wdvhs,dwvh@gnmail.com
2025-08-05 00:15:53,http://freebonus.click,usbjc,fjsc
2025-08-05 00:20:05,http://freebonus.click,JFWQAMV,WJDKWU@gmail.com
2025-08-05 00:30:07,http://freebonus.clickq,qesa,qeas@gmail.com
2025-08-05 00:31:32,http://freebonus.click,echb,djs@gmail.com
2025-08-05 00:35:06,https://university.ac.in,wsa,eas
2025-08-05 00:37:34,http://freebonus.click,gh,6uj
2025-08-05 00:50:38,http://freebonus.click,eds,ws
2025-08-05 00:51:55,http://freebonus.click,ad,aef
2025-08-05 00:53:00,http://freebonus.click,3qa,qwd
2025-08-05 00:57:43,http://freebonus.click,sS,e
2025-08-05 14:28:04,http://mansoon.click,ani,oeif
2025-08-06 10:37:28,www.son.google.com,Anil,anil@gmail.com
2025-08-06 11:03:32,http://anil.click,anil,anil@gmail.com
